[
    {
        "id" : 1,
        "name" : "Пјерлуиђи Колина - \"Моја правила игре\"",
        "advertiser" : "Б92",
        "category" : "sport",
        "isActive" : true,
        "image" : {
            "src" : "moja-pravila-igre.jpg",
            "alt" : "Пјерлуиђи Колина - \"Моја правила игре\""
        }
    },
    {
        "id" : 2,
        "name" : "Плазма",
        "advertiser" : "Бамби",
        "category" : "economics",
        "isActive" : true,
        "image" : {
            "src" : "plazma.jpg",
            "alt" : "Плазма"
        }
    },
    {
        "id" : 3,
        "name" : "Хлеб Стиг",
        "advertiser" : "Житостиг",
        "category" : "economics",
        "isActive" : false,
        "image" : {
            "src" : "",
            "alt" : "Хлеб Стиг"
        }
    }
]