[
    {
        "id" : 1,
        "routerLink" : "start",
        "icon" : "play_circle",
        "label" : "Старт"
    },
    {
        "id" : 2,
        "routerLink" : "informative",
        "icon" : "newspaper",
        "label" : "Информатива"
    },
    {
        "id" : 3,
        "routerLink" : "sport",
        "icon" : "sports_soccer",
        "label" : "Спорт"
    },
    {
        "id" : 4,
        "routerLink" : "culture",
        "icon" : "theaters",
        "label" : "Култура"
    },
    {
        "id" : 5,
        "routerLink" : "economics",
        "icon" : "factory",
        "label" : "Економија"
    },
    {
        "id" : 6,
        "routerLink" : "our-story",
        "icon" : "question_mark",
        "label" : "Наша прича"
    }
]