[
    {
        "id" : 1,
        "title" : "Време расплета",
        "type" : "Фељтон",
        "category" : "informative",
        "content" : "Косово и Метохија. Алфа и омега српског идентитета.",
        "image" : {
            "src" : "beograd-pristina.jpg",
            "alt" : "Београд/Приштина"
        },
        "published" : "20/05/2023",
        "author" : "Милош Стевић",
        "editor" : "Ана Благојевић",
        "tags" : [
            "Косово",
            "Метохија"
        ]
    },
    {
        "id" : 2,
        "title" : "Обрачун код стадиона ФК Земун",
        "type" : "Репортажа",
        "category" : "informative",
        "content" : "Мафијашки обрачун код стадиона footballског клуба Земун.",
        "image" : {
            "src" : "stop-policija.jpg",
            "alt" : "Стоп, полиција"
        },
        "published" : "25/05/2023",
        "author" : "Дијана Кировљева",
        "editor" : "Ана Благојевић",
        "tags" : [
            "Земун",
            "Мафија"
        ]
    },
    {
        "id" : 3,
        "title" : "Звездано небо над Дортмундом",
        "type" : "Репортажа",
        "category" : "sport",
        "content" : "Црвена Звезда победила Борусију Дортмунд у Немачкој.",
        "image" : {
            "src" : "crvena-zvezda.jpg",
            "alt" : "Црвена Звезда"
        },
        "published" : "28/05/2023",
        "author" : "Мара Бабунска",
        "editor" : "Маргита Траиловић",
        "tags" : [
            "Црвена Звезда",
            "Борусија Дортмунд",
            "Лига Европе"
        ]
    },
    {
        "id" : 4,
        "title" : "Парни ваљак меље и на страни",
        "type" : "Репортажа",
        "category" : "sport",
        "content" : "Партизан савладао Нант у Француској.",
        "image" : {
            "src" : "partizan.jpg",
            "alt" : "Партизан"
        },
        "published" : "20/05/2023",
        "author" : "Љиљана Шајковић",
        "editor" : "Маргита Траиловић",
        "tags" : [
            "Партизан",
            "Нант",
            "Лига Европе"
        ]
    },
    {
        "id" : 5,
        "title" : "Воскресеније Вечитих",
        "type" : "Фељтон",
        "category" : "sport",
        "content" : "Црвена Звезда и Партизан пуцају високо у Лиги Европе.",
        "image" : {
            "src" : "veciti.jpg",
            "alt" : "Вечити"
        },
        "published" : "25/05/2023",
        "author" : "Виктор Кузњецов",
        "editor" : "Маргита Траиловић",
        "tags" : [
            "Црвена Звезда",
            "Партизан",
            "Београд"
        ]
    },
    {
        "id" : 6,
        "title" : "Рестаурирани Кум на ФЕСТ-у",
        "type" : "Репортажа",
        "category" : "culture",
        "content" : "Понуда који Београђани неће моћи одбити.",
        "image" : {
            "src" : "kum.jpg",
            "alt" : "Кум"
        },
        "published" : "28/05/2023",
        "author" : "Милица Петронијевић",
        "editor" : "Јован Пешић",
        "tags" : [
            "ФЕСТ",
            "Београд"
        ]
    },
    {
        "id" : 7,
        "title" : "Војвода поново на даскама",
        "type" : "Репортажа",
        "category" : "culture",
        "content" : "Колубарска битка поново на репертоару Југословенског драмског позоришта.",
        "image" : {
            "src" : "misa-janketic.jpg",
            "alt" : "Миша Јанкетић"
        },
        "published" : "20/05/2023",
        "author" : "Марија Соколовић",
        "editor" : "Јован Пешић",
        "tags" : [
            "ЈДП",
            "Београд"
        ]
    },
    {
        "id" : 8,
        "title" : "Жучна расправа око права мањина",
        "type" : "Репортажа",
        "category" : "informative",
        "content" : "Пале су тешке речи између народних посланика власти и опозиције на расправи о усвајању измена и допуна закона о основама система образовања и васпитања.",
        "image" : {
            "src" : "narodna-skupstina.jpg",
            "alt" : "Народна скупштина"
        },
        "published" : "25/05/2023",
        "author" : "Григорије Пантић",
        "editor" : "Ана Благојевић",
        "tags" : [
            "Народна скупштина",
            "Закон о основама система образовања и васпитања"
        ]
    },
    {
        "id" : 9,
        "title" : "Карта више за Властимировиће",
        "type" : "Репортажа",
        "category" : "culture",
        "content" : "Огромно интересовање за предавање нашег еминентног историчара и публицисте професора Милорада Станимировића о првој српској владарској династији у Културном центру Нови Сад.",
        "image" : {
            "src" : "dostinika.jpg",
            "alt" : "Достиника"
        },
        "published" : "28/05/2023",
        "author" : "Олга Димитријевић",
        "editor" : "Јован Пешић",
        "tags" : [
            "Милорад Станимировић",
            "Културни центар Нови Сад",
            "Властимировићи"
        ]
    },
    {
        "id" : 10,
        "title" : "Изведена акција Таран",
        "type" : "Репортажа",
        "category" : "informative",
        "content" : "Полиција Куршумлије успешно извела акцију хапшења криминалне групе приликом примопредаје наркотика.",
        "image" : {
            "src" : "stop-policija.jpg",
            "alt" : "Стоп, полиција"
        },
        "published" : "20/05/2023",
        "author" : "Дијана Кировљева",
        "editor" : "Ана Благојевић",
        "tags" : [
            "Наркотици",
            "Таран",
            "Куршумлија"
        ]
    },
    {
        "id" : 11,
        "title" : "Бонтон, шта ли то беше?",
        "type" : "Фељтон",
        "category" : "informative",
        "content" : "Народни посланици шаљу рђав пример народу кога представљају.",
        "image" : {
            "src" : "narodna-skupstina.jpg",
            "alt" : "Народна скупштина"
        },
        "published" : "25/05/2023",
        "author" : "Дијана Кировљева",
        "editor" : "Ана Благојевић",
        "tags" : [
            "Бонтон",
            "Народна скупштина"
        ]
    },
    {
        "id" : 12,
        "title" : "Фолксваген у Србији",
        "type" : "Репортажа",
        "category" : "economics",
        "content" : "Немачки гигант откупио контролни пакет акција фабрике аутомобила у Крагујевцу.",
        "image" : {
            "src" : "zastava.jpg",
            "alt" : "Фолксваген"
        },
        "published" : "28/05/2023",
        "author" : "Сандра Радивојевић",
        "tags" : [
            "Фолксваген",
            "Крагујевац",
            "Застава"
        ]
    },
    {
        "id" : 13,
        "title" : "Дунавски уједнинитељ",
        "type" : "Репортажа",
        "category" : "economics",
        "content" : "Нови погон хидроелектране Ђердап пуштен у рад.",
        "image" : {
            "src" : "hidroelektrana-djerdap.jpg",
            "alt" : "Хидроелектрана Ђердап"
        },
        "published" : "20/05/2023",
        "author" : "Шандор Ракоци",
        "tags" : [
            "Србија",
            "Румунија",
            "Ђердап",
            "Дунав"
        ]
    },
    {
        "id" : 14,
        "title" : "Република Српска, шта даље?",
        "type" : "Фељтон",
        "category" : "informative",
        "content" : "Република Српска. Главни кохезиони фактор српског живља у Босни и Херцеговини.",
        "image" : {
            "src" : "drina.jpg",
            "alt" : "Дрина"
        },
        "published" : "25/05/2023",
        "author" : "Миодраг Цвијановић",
        "tags" : [
            "Република Српска",
            "Босна и Херцеговина"
        ]
    },
    {
        "id" : 15,
        "title" : "Острог посјећенији од Ловћена",
        "type" : "Репортажа",
        "category" : "economics",
        "content" : "Српска светиња критичан дио туристичке понуде Црне Горе.",
        "image" : {
            "src" : "ostrog.jpg",
            "alt" : "Острог"
        },
        "published" : "28/05/2023",
        "author" : "Цвијетин Шћекић",
        "tags" : [
            "Острог",
            "Црна Гора"
        ]
    },
    {
        "id" : 16,
        "title" : "Златна кока државе",
        "type" : "Репортажа",
        "category" : "economics",
        "content" : "Телеком Србија убедљиво најпрофитабилнија државна компанија.",
        "image" : {
            "src" : "telekom-srbija.jpg",
            "alt" : "Телеком Србија"
        },
        "published" : "20/05/2023",
        "author" : "Сандра Радивојевић",
        "tags" : [
            "Телеком Србија",
            "Државна компанија"
        ]
    },
    {
        "id" : 17,
        "title" : "Усвојен закон о пољопривредном земљишту",
        "type" : "Репортажа",
        "category" : "informative",
        "content" : "Народна скупштина Републике Српске после дводневне распрае усвојила нацрт Закона о пољопривредном земљишту.",
        "image" : {
            "src" : "narodna-skupstina-republike-srpske.jpg",
            "alt" : "Народна скупштина Републике Српске"
        },
        "published" : "25/05/2023",
        "author" : "Миодраг Цвијановић",
        "tags" : [
            "Република Српска",
            "Закон о пољопривредном земљишту"
        ]
    },
    {
        "id" : 18,
        "title" : "Тензије око Тајвана",
        "type" : "Репортажа",
        "category" : "informative",
        "content" : "Заоштравају се односи Народне Републике Кине и Сједнињених Америчких Држава око острва на Пацифику.",
        "image" : {
            "src" : "nosac-aviona.jpg",
            "alt" : "Носач авиона"
        },
        "published" : "28/05/2023",
        "author" : "Милош Стевић",
        "tags" : [
            "Кина",
            "САД",
            "Тајван"
        ]
    },
    {
        "id" : 19,
        "title" : "Израња прва престоница Србије",
        "type" : "Репортажа",
        "category" : "culture",
        "content" : "У атару села Врсеница, код Сјенице и у близини престонице Немањића - Старог Раса, налази се прва позната престоница Србије - Достиника. Археолошки радови на откопавању престонице Властимировића су добили замајац и ускоро ћемо бити у могућности да знамо много више о нашој првој престоници и моћи да је ставимо у понуду нашег туристичког потенцијала.",
        "image" : {
            "src" : "dostinika.jpg",
            "alt" : "Достиника"
        },
        "published" : "20/05/2023",
        "author" : "Олга Димитријевић",
        "tags" : [
            "Достиника",
            "Престоница",
            "Властимировићи"
        ]
    },
    {
        "id" : 20,
        "title" : "Колико познајемо себе?",
        "type" : "Фељтон",
        "category" : "culture",
        "content" : "Београд, Призрен... Можда Рас. Знамо ли набројати још неку давнашњу престоницу Србије?",
        "image" : {
            "src" : "djurdjevi-stupovi.jpg",
            "alt" : "Ђурђеви Ступови"
        },
        "published" : "25/05/2023",
        "author" : "Марија Соколовић",
        "tags" : [
            "Престоница"
        ]
    }
]